region;route;county
PR;PR10;Adjuntas
PR;PR123;Adjuntas
PR;PR129;Adjuntas
PR;PR131;Adjuntas
PR;PR135;Adjuntas
PR;PR139;Adjuntas
PR;PR143;Adjuntas
PR;PR388;Adjuntas
PR;PR518;Adjuntas
PR;PR521;Adjuntas
PR;PR522;Adjuntas
PR;PR523;Adjuntas
PR;PR524;Adjuntas
PR;PR525;Adjuntas
PR;PR526;Adjuntas
PR;PR529;Adjuntas
PR;PR548;Adjuntas
PR;PR5503;Adjuntas
PR;PR5516;Adjuntas
PR;PR5518;Adjuntas
PR;PR5521;Adjuntas
PR;PR5525;Adjuntas
PR;PR6603;Adjuntas
PR;PR2;Aguada
PR;PR110;Aguada
PR;PR115;Aguada
PR;PR403;Aguada
PR;PR411;Aguada
PR;PR414;Aguada
PR;PR416;Aguada
PR;PR417;Aguada
PR;PR418;Aguada
PR;PR419;Aguada
PR;PR439;Aguada
PR;PR441;Aguada
PR;PR442;Aguada
PR;PR4411;Aguada
PR;PR4412;Aguada
PR;PR4415;Aguada
PR;PR4416;Aguada
PR;PR4417;Aguada
PR;PR4418;Aguada
PR;PR4421;Aguada
PR;PR4439;Aguada
PR;PR4441;Aguada
PR;PR2;Aguadilla
PR;PR107;Aguadilla
PR;PR110;Aguadilla
PR;PR111;Aguadilla
PR;PR115;Aguadilla
PR;PR125;Aguadilla
PR;PR418;Aguadilla
PR;PR440;Aguadilla
PR;PR443;Aguadilla
PR;PR458;Aguadilla
PR;PR459;Aguadilla
PR;PR460;Aguadilla
PR;PR461;Aguadilla
PR;PR462;Aguadilla
PR;PR463;Aguadilla
PR;PR465;Aguadilla
PR;PR466;Aguadilla
PR;PR467;Aguadilla
PR;PR468;Aguadilla
PR;PR469;Aguadilla
PR;PR471;Aguadilla
PR;PR472;Aguadilla
PR;PR1107;Aguadilla
PR;PR4010;Aguadilla
PR;PR4110;Aguadilla
PR;PR4439;Aguadilla
PR;PR4440;Aguadilla
PR;PR4442;Aguadilla
PR;PR4443;Aguadilla
PR;PR4458;Aguadilla
PR;PR4466;Aguadilla
PR;PR4467;Aguadilla
PR;PR156;Aguas Buenas
PR;PR173;Aguas Buenas
PR;PR174;Aguas Buenas
PR;PR777;Aguas Buenas
PR;PR790;Aguas Buenas
PR;PR792;Aguas Buenas
PR;PR793;Aguas Buenas
PR;PR794;Aguas Buenas
PR;PR795;Aguas Buenas
PR;PR797;Aguas Buenas
PR;PR7090;Aguas Buenas
PR;PR7156;Aguas Buenas
PR;PR7173;Aguas Buenas
PR;PR7790;Aguas Buenas
PR;PR14;Aibonito
PR;PR162;Aibonito
PR;PR173;Aibonito
PR;PR717;Aibonito
PR;PR718;Aibonito
PR;PR721;Aibonito
PR;PR722;Aibonito
PR;PR723;Aibonito
PR;PR724;Aibonito
PR;PR725;Aibonito
PR;PR726;Aibonito
PR;PR727;Aibonito
PR;PR728;Aibonito
PR;PR7025;Aibonito
PR;PR7051;Aibonito
PR;PR7062;Aibonito
PR;PR7718;Aibonito
PR;PR7719;Aibonito
PR;PR7722;Aibonito
PR;PR7727;Aibonito
PR;PR2;A asco
PR;PR108;A asco
PR;PR109;A asco
PR;PR110;A asco
PR;PR115;A asco
PR;PR401;A asco
PR;PR402;A asco
PR;PR405;A asco
PR;PR406;A asco
PR;PR429;A asco
PR;PR430;A asco
PR;PR495;A asco
PR;PR4020;A asco
PR;PR4109;A asco
PR;PR4401;A asco
PR;PR4402;A asco
PR;PR4403;A asco
PR;PR4404;A asco
PR;PR4405;A asco
PR;PR4420;A asco
PR;PR4430;A asco
PR;PR2;Arecibo
PR;PR10;Arecibo
PR;PR22;Arecibo
PR;PR123;Arecibo
PR;PR129;Arecibo
PR;PR146;Arecibo
PR;PR490;Arecibo
PR;PR492;Arecibo
PR;PR621;Arecibo
PR;PR623;Arecibo
PR;PR625;Arecibo
PR;PR626;Arecibo
PR;PR627;Arecibo
PR;PR628;Arecibo
PR;PR635;Arecibo
PR;PR636;Arecibo
PR;PR637;Arecibo
PR;PR638;Arecibo
PR;PR639;Arecibo
PR;PR650;Arecibo
PR;PR651;Arecibo
PR;PR652;Arecibo
PR;PR653;Arecibo
PR;PR655;Arecibo
PR;PR656;Arecibo
PR;PR657;Arecibo
PR;PR658;Arecibo
PR;PR660;Arecibo
PR;PR662;Arecibo
PR;PR663;Arecibo
PR;PR664;Arecibo
PR;PR681;Arecibo
PR;PR682;Arecibo
PR;PR683;Arecibo
PR;PR6106;Arecibo
PR;PR6109;Arecibo
PR;PR6609;Arecibo
PR;PR6621;Arecibo
PR;PR6626;Arecibo
PR;PR6681;Arecibo
PR;PR3;Arroyo
PR;PR53;Arroyo
PR;PR178;Arroyo
PR;PR751;Arroyo
PR;PR752;Arroyo
PR;PR753;Arroyo
PR;PR755;Arroyo
PR;PR7752;Arroyo
PR;PR7753;Arroyo
PR;PR7754;Arroyo
PR;PR2;Barceloneta
PR;PR22;Barceloneta
PR;PR140;Barceloneta
PR;PR664;Barceloneta
PR;PR665;Barceloneta
PR;PR666;Barceloneta
PR;PR681;Barceloneta
PR;PR682;Barceloneta
PR;PR684;Barceloneta
PR;PR6140;Barceloneta
PR;PR143;Barranquitas
PR;PR152;Barranquitas
PR;PR156;Barranquitas
PR;PR162;Barranquitas
PR;PR558;Barranquitas
PR;PR569;Barranquitas
PR;PR719;Barranquitas
PR;PR720;Barranquitas
PR;PR749;Barranquitas
PR;PR769;Barranquitas
PR;PR770;Barranquitas
PR;PR771;Barranquitas
PR;PR772;Barranquitas
PR;PR773;Barranquitas
PR;PR779;Barranquitas
PR;PR7174;Barranquitas
PR;PR7720;Barranquitas
PR;PR7769;Barranquitas
PR;PR7772;Barranquitas
PR;PR7773;Barranquitas
PR;PR2;Bayamon
PR;PR5;Bayamon
PR;PR6;Bayamon
PR;PR22;Bayamon
PR;PR28;Bayamon
PR;PR29;Bayamon
PR;PR167;Bayamon
PR;PR168;Bayamon
PR;PR174;Bayamon
PR;PR177;Bayamon
PR;PR199;Bayamon
PR;PR781;Bayamon
PR;PR812;Bayamon
PR;PR816;Bayamon
PR;PR828;Bayamon
PR;PR829;Bayamon
PR;PR830;Bayamon
PR;PR831;Bayamon
PR;PR832;Bayamon
PR;PR839;Bayamon
PR;PR840;Bayamon
PR;PR855;Bayamon
PR;PR861;Bayamon
PR;PR862;Bayamon
PR;PR864;Bayamon
PR;PR871;Bayamon
PR;PR872;Bayamon
PR;PR879;Bayamon
PR;PR889;Bayamon
PR;PR890;Bayamon
PR;PR8829;Bayamon
PR;PR8855;Bayamon
PR;PR100;Cabo Rojo
PR;PR101;Cabo Rojo
PR;PR102;Cabo Rojo
PR;PR103;Cabo Rojo
PR;PR114;Cabo Rojo
PR;PR300;Cabo Rojo
PR;PR301;Cabo Rojo
PR;PR303;Cabo Rojo
PR;PR307;Cabo Rojo
PR;PR308;Cabo Rojo
PR;PR310;Cabo Rojo
PR;PR311;Cabo Rojo
PR;PR312;Cabo Rojo
PR;PR313;Cabo Rojo
PR;PR3301;Cabo Rojo
PR;PR3311;Cabo Rojo
PR;PR3314;Cabo Rojo
PR;PR1;Caguas
PR;PR30;Caguas
PR;PR32;Caguas
PR;PR33;Caguas
PR;PR34;Caguas
PR;PR52;Caguas
PR;PR156;Caguas
PR;PR172;Caguas
PR;PR175;Caguas
PR;PR183;Caguas
PR;PR189;Caguas
PR;PR196;Caguas
PR;PR739;Caguas
PR;PR761;Caguas
PR;PR763;Caguas
PR;PR765;Caguas
PR;PR768;Caguas
PR;PR784;Caguas
PR;PR785;Caguas
PR;PR786;Caguas
PR;PR787;Caguas
PR;PR788;Caguas
PR;PR789;Caguas
PR;PR795;Caguas
PR;PR796;Caguas
PR;PR797;Caguas
PR;PR798;Caguas
PR;PR842;Caguas
PR;PR7156;Caguas
PR;PR7765;Caguas
PR;PR7784;Caguas
PR;PR7788;Caguas
PR;PR2;Camuy
PR;PR113;Camuy
PR;PR119;Camuy
PR;PR129;Camuy
PR;PR453;Camuy
PR;PR454;Camuy
PR;PR455;Camuy
PR;PR456;Camuy
PR;PR483;Camuy
PR;PR486;Camuy
PR;PR488;Camuy
PR;PR496;Camuy
PR;PR4119;Camuy
PR;PR4453;Camuy
PR;PR4486;Camuy
PR;PR4488;Camuy
PR;PR4491;Camuy
PR;PR3;Canovanas
PR;PR66;Canovanas
PR;PR185;Canovanas
PR;PR186;Canovanas
PR;PR188;Canovanas
PR;PR857;Canovanas
PR;PR907;Canovanas
PR;PR951;Canovanas
PR;PR953;Canovanas
PR;PR954;Canovanas
PR;PR957;Canovanas
PR;PR958;Canovanas
PR;PR962;Canovanas
PR;PR8874;Canovanas
PR;PR9948;Canovanas
PR;PR9957;Canovanas
PR;PR9958;Canovanas
PR;PR9959;Canovanas
PR;PR3;Carolina
PR;PR17;Carolina
PR;PR26;Carolina
PR;PR37;Carolina
PR;PR66;Carolina
PR;PR185;Carolina
PR;PR187;Carolina
PR;PR190;Carolina
PR;PR848;Carolina
PR;PR852;Carolina
PR;PR853;Carolina
PR;PR856;Carolina
PR;PR857;Carolina
PR;PR858;Carolina
PR;PR859;Carolina
PR;PR860;Carolina
PR;PR874;Carolina
PR;PR887;Carolina
PR;PR8856;Carolina
PR;PR8860;Carolina
PR;PR8887;Carolina
PR;PR9045;Carolina
PR;PR5;Cata o
PR;PR22;Cata o
PR;PR24;Cata o
PR;PR165;Cata o
PR;PR167;Cata o
PR;PR869;Cata o
PR;PR888;Cata o
PR;PR8869;Cata o
PR;PR1;Cayey
PR;PR14;Cayey
PR;PR15;Cayey
PR;PR52;Cayey
PR;PR170;Cayey
PR;PR171;Cayey
PR;PR179;Cayey
PR;PR184;Cayey
PR;PR206;Cayey
PR;PR708;Cayey
PR;PR715;Cayey
PR;PR716;Cayey
PR;PR730;Cayey
PR;PR731;Cayey
PR;PR735;Cayey
PR;PR738;Cayey
PR;PR741;Cayey
PR;PR743;Cayey
PR;PR763;Cayey
PR;PR7042;Cayey
PR;PR7184;Cayey
PR;PR7715;Cayey
PR;PR7722;Cayey
PR;PR7729;Cayey
PR;PR7730;Cayey
PR;PR7731;Cayey
PR;PR7736;Cayey
PR;PR7737;Cayey
PR;PR7738;Cayey
PR;PR7741;Cayey
PR;PR7765;Cayey
PR;PR7786;Cayey
PR;PR3;Ceiba
PR;PR53;Ceiba
PR;PR971;Ceiba
PR;PR974;Ceiba
PR;PR975;Ceiba
PR;PR977;Ceiba
PR;PR978;Ceiba
PR;PR979;Ceiba
PR;PR981;Ceiba
PR;PR9974;Ceiba
PR;PR140;Ciales
PR;PR144;Ciales
PR;PR145;Ciales
PR;PR146;Ciales
PR;PR149;Ciales
PR;PR157;Ciales
PR;PR533;Ciales
PR;PR608;Ciales
PR;PR614;Ciales
PR;PR615;Ciales
PR;PR632;Ciales
PR;PR633;Ciales
PR;PR649;Ciales
PR;PR6614;Ciales
PR;PR6615;Ciales
PR;PR6632;Ciales
PR;PR6633;Ciales
PR;PR6685;Ciales
PR;PR171;Cidra
PR;PR172;Cidra
PR;PR173;Cidra
PR;PR709;Cidra
PR;PR729;Cidra
PR;PR733;Cidra
PR;PR734;Cidra
PR;PR775;Cidra
PR;PR782;Cidra
PR;PR783;Cidra
PR;PR787;Cidra
PR;PR7090;Cidra
PR;PR7729;Cidra
PR;PR7730;Cidra
PR;PR7731;Cidra
PR;PR7733;Cidra
PR;PR7736;Cidra
PR;PR7775;Cidra
PR;PR7782;Cidra
PR;PR7786;Cidra
PR;PR7787;Cidra
PR;PR14;Coamo
PR;PR138;Coamo
PR;PR150;Coamo
PR;PR153;Coamo
PR;PR154;Coamo
PR;PR155;Coamo
PR;PR238;Coamo
PR;PR545;Coamo
PR;PR546;Coamo
PR;PR555;Coamo
PR;PR556;Coamo
PR;PR558;Coamo
PR;PR576;Coamo
PR;PR595;Coamo
PR;PR596;Coamo
PR;PR702;Coamo
PR;PR704;Coamo
PR;PR717;Coamo
PR;PR723;Coamo
PR;PR5150;Coamo
PR;PR5556;Coamo
PR;PR5557;Coamo
PR;PR5558;Coamo
PR;PR5559;Coamo
PR;PR156;Comerio
PR;PR167;Comerio
PR;PR172;Comerio
PR;PR740;Comerio
PR;PR774;Comerio
PR;PR775;Comerio
PR;PR776;Comerio
PR;PR778;Comerio
PR;PR779;Comerio
PR;PR780;Comerio
PR;PR781;Comerio
PR;PR782;Comerio
PR;PR791;Comerio
PR;PR802;Comerio
PR;PR809;Comerio
PR;PR7167;Comerio
PR;PR7774;Comerio
PR;PR7776;Comerio
PR;PR7778;Comerio
PR;PR7780;Comerio
PR;PR7782;Comerio
PR;PR7783;Comerio
PR;PR142;Corozal
PR;PR159;Corozal
PR;PR164;Corozal
PR;PR568;Corozal
PR;PR618;Corozal
PR;PR630;Corozal
PR;PR771;Corozal
PR;PR800;Corozal
PR;PR801;Corozal
PR;PR802;Corozal
PR;PR803;Corozal
PR;PR805;Corozal
PR;PR806;Corozal
PR;PR807;Corozal
PR;PR808;Corozal
PR;PR818;Corozal
PR;PR821;Corozal
PR;PR891;Corozal
PR;PR5568;Corozal
PR;PR250;Culebra
PR;PR251;Culebra
PR;PR2;Dorado
PR;PR22;Dorado
PR;PR142;Dorado
PR;PR165;Dorado
PR;PR659;Dorado
PR;PR679;Dorado
PR;PR680;Dorado
PR;PR691;Dorado
PR;PR693;Dorado
PR;PR694;Dorado
PR;PR695;Dorado
PR;PR696;Dorado
PR;PR697;Dorado
PR;PR698;Dorado
PR;PR699;Dorado
PR;PR823;Dorado
PR;PR854;Dorado
PR;PR6165;Dorado
PR;PR6659;Dorado
PR;PR6693;Dorado
PR;PR8865;Dorado
PR;PR3;Fajardo
PR;PR53;Fajardo
PR;PR194;Fajardo
PR;PR195;Fajardo
PR;PR940;Fajardo
PR;PR971;Fajardo
PR;PR976;Fajardo
PR;PR977;Fajardo
PR;PR983;Fajardo
PR;PR984;Fajardo
PR;PR9987;Fajardo
PR;PR3;Fajardo 
PR;PR53;Fajardo 
PR;PR981;Fajardo 
PR;PR982;Fajardo 
PR;PR985;Fajardo 
PR;PR986;Fajardo 
PR;PR987;Fajardo 
PR;PR140;Florida
PR;PR629;Florida
PR;PR631;Florida
PR;PR639;Florida
PR;PR641;Florida
PR;PR642;Florida
PR;PR665;Florida
PR;PR667;Florida
PR;PR6642;Florida
PR;PR2;Guanica
PR;PR116;Guanica
PR;PR324;Guanica
PR;PR325;Guanica
PR;PR326;Guanica
PR;PR331;Guanica
PR;PR332;Guanica
PR;PR333;Guanica
PR;PR334;Guanica
PR;PR389;Guanica
PR;PR3116;Guanica
PR;PR3332;Guanica
PR;PR4116;Guanica
PR;PR3;Guayama
PR;PR15;Guayama
PR;PR53;Guayama
PR;PR54;Guayama
PR;PR179;Guayama
PR;PR184;Guayama
PR;PR707;Guayama
PR;PR710;Guayama
PR;PR712;Guayama
PR;PR713;Guayama
PR;PR742;Guayama
PR;PR744;Guayama
PR;PR746;Guayama
PR;PR747;Guayama
PR;PR748;Guayama
PR;PR764;Guayama
PR;PR7042;Guayama
PR;PR7707;Guayama
PR;PR7710;Guayama
PR;PR7711;Guayama
PR;PR7712;Guayama
PR;PR7741;Guayama
PR;PR7748;Guayama
PR;PR2;Guayanilla
PR;PR127;Guayanilla
PR;PR132;Guayanilla
PR;PR136;Guayanilla
PR;PR333;Guayanilla
PR;PR335;Guayanilla
PR;PR336;Guayanilla
PR;PR377;Guayanilla
PR;PR378;Guayanilla
PR;PR379;Guayanilla
PR;PR381;Guayanilla
PR;PR382;Guayanilla
PR;PR383;Guayanilla
PR;PR398;Guayanilla
PR;PR3131;Guayanilla
PR;PR3336;Guayanilla
PR;PR3375;Guayanilla
PR;PR3378;Guayanilla
PR;PR3382;Guayanilla
PR;PR1;Guaynabo
PR;PR2;Guaynabo
PR;PR19;Guaynabo
PR;PR20;Guaynabo
PR;PR22;Guaynabo
PR;PR23;Guaynabo
PR;PR24;Guaynabo
PR;PR28;Guaynabo
PR;PR165;Guaynabo
PR;PR169;Guaynabo
PR;PR173;Guaynabo
PR;PR177;Guaynabo
PR;PR199;Guaynabo
PR;PR832;Guaynabo
PR;PR833;Guaynabo
PR;PR834;Guaynabo
PR;PR835;Guaynabo
PR;PR836;Guaynabo
PR;PR837;Guaynabo
PR;PR838;Guaynabo
PR;PR841;Guaynabo
PR;PR880;Guaynabo
PR;PR8169;Guaynabo
PR;PR8177;Guaynabo
PR;PR8834;Guaynabo
PR;PR30;Gurabo
PR;PR181;Gurabo
PR;PR189;Gurabo
PR;PR203;Gurabo
PR;PR931;Gurabo
PR;PR932;Gurabo
PR;PR933;Gurabo
PR;PR941;Gurabo
PR;PR942;Gurabo
PR;PR943;Gurabo
PR;PR944;Gurabo
PR;PR945;Gurabo
PR;PR9030;Gurabo
PR;PR9189;Gurabo
PR;PR9933;Gurabo
PR;PR9942;Gurabo
PR;PR9944;Gurabo
PR;PR9945;Gurabo
PR;PR2;Hatillo
PR;PR22;Hatillo
PR;PR119;Hatillo
PR;PR129;Hatillo
PR;PR130;Hatillo
PR;PR134;Hatillo
PR;PR455;Hatillo
PR;PR487;Hatillo
PR;PR488;Hatillo
PR;PR489;Hatillo
PR;PR490;Hatillo
PR;PR491;Hatillo
PR;PR492;Hatillo
PR;PR493;Hatillo
PR;PR635;Hatillo
PR;PR653;Hatillo
PR;PR4489;Hatillo
PR;PR4490;Hatillo
PR;PR4491;Hatillo
PR;PR2;Hormigueros
PR;PR100;Hormigueros
PR;PR114;Hormigueros
PR;PR309;Hormigueros
PR;PR319;Hormigueros
PR;PR338;Hormigueros
PR;PR343;Hormigueros
PR;PR344;Hormigueros
PR;PR345;Hormigueros
PR;PR346;Hormigueros
PR;PR3344;Hormigueros
PR;PR3345;Hormigueros
PR;PR3;Humacao
PR;PR30;Humacao
PR;PR53;Humacao
PR;PR60;Humacao
PR;PR198;Humacao
PR;PR906;Humacao
PR;PR908;Humacao
PR;PR909;Humacao
PR;PR910;Humacao
PR;PR914;Humacao
PR;PR921;Humacao
PR;PR922;Humacao
PR;PR923;Humacao
PR;PR924;Humacao
PR;PR925;Humacao
PR;PR926;Humacao
PR;PR927;Humacao
PR;PR938;Humacao
PR;PR9923;Humacao
PR;PR2;Isabela
PR;PR112;Isabela
PR;PR113;Isabela
PR;PR119;Isabela
PR;PR212;Isabela
PR;PR446;Isabela
PR;PR457;Isabela
PR;PR459;Isabela
PR;PR466;Isabela
PR;PR471;Isabela
PR;PR472;Isabela
PR;PR473;Isabela
PR;PR474;Isabela
PR;PR475;Isabela
PR;PR476;Isabela
PR;PR494;Isabela
PR;PR4076;Isabela
PR;PR4445;Isabela
PR;PR4446;Isabela
PR;PR4457;Isabela
PR;PR4466;Isabela
PR;PR4472;Isabela
PR;PR4474;Isabela
PR;PR4475;Isabela
PR;PR4476;Isabela
PR;PR4494;Isabela
PR;PR140;Jayuya
PR;PR141;Jayuya
PR;PR143;Jayuya
PR;PR144;Jayuya
PR;PR527;Jayuya
PR;PR528;Jayuya
PR;PR530;Jayuya
PR;PR531;Jayuya
PR;PR532;Jayuya
PR;PR533;Jayuya
PR;PR539;Jayuya
PR;PR577;Jayuya
PR;PR613;Jayuya
PR;PR5141;Jayuya
PR;PR5144;Jayuya
PR;PR5527;Jayuya
PR;PR1;Juana Diaz
PR;PR14;Juana Diaz
PR;PR52;Juana Diaz
PR;PR143;Juana Diaz
PR;PR149;Juana Diaz
PR;PR508;Juana Diaz
PR;PR509;Juana Diaz
PR;PR510;Juana Diaz
PR;PR512;Juana Diaz
PR;PR513;Juana Diaz
PR;PR517;Juana Diaz
PR;PR519;Juana Diaz
PR;PR535;Juana Diaz
PR;PR536;Juana Diaz
PR;PR540;Juana Diaz
PR;PR551;Juana Diaz
PR;PR552;Juana Diaz
PR;PR557;Juana Diaz
PR;PR570;Juana Diaz
PR;PR571;Juana Diaz
PR;PR572;Juana Diaz
PR;PR573;Juana Diaz
PR;PR574;Juana Diaz
PR;PR580;Juana Diaz
PR;PR584;Juana Diaz
PR;PR586;Juana Diaz
PR;PR592;Juana Diaz
PR;PR5509;Juana Diaz
PR;PR5510;Juana Diaz
PR;PR5511;Juana Diaz
PR;PR5512;Juana Diaz
PR;PR5552;Juana Diaz
PR;PR30;Juncos
PR;PR31;Juncos
PR;PR183;Juncos
PR;PR185;Juncos
PR;PR189;Juncos
PR;PR198;Juncos
PR;PR919;Juncos
PR;PR928;Juncos
PR;PR929;Juncos
PR;PR933;Juncos
PR;PR934;Juncos
PR;PR935;Juncos
PR;PR946;Juncos
PR;PR947;Juncos
PR;PR952;Juncos
PR;PR9185;Juncos
PR;PR9913;Juncos
PR;PR9919;Juncos
PR;PR9929;Juncos
PR;PR9934;Juncos
PR;PR9935;Juncos
PR;PR101;Lajas
PR;PR116;Lajas
PR;PR117;Lajas
PR;PR118;Lajas
PR;PR122;Lajas
PR;PR303;Lajas
PR;PR304;Lajas
PR;PR305;Lajas
PR;PR306;Lajas
PR;PR315;Lajas
PR;PR316;Lajas
PR;PR322;Lajas
PR;PR323;Lajas
PR;PR324;Lajas
PR;PR327;Lajas
PR;PR329;Lajas
PR;PR392;Lajas
PR;PR394;Lajas
PR;PR3101;Lajas
PR;PR3306;Lajas
PR;PR111;Lares
PR;PR124;Lares
PR;PR128;Lares
PR;PR129;Lares
PR;PR134;Lares
PR;PR135;Lares
PR;PR399;Lares
PR;PR415;Lares
PR;PR426;Lares
PR;PR427;Lares
PR;PR431;Lares
PR;PR432;Lares
PR;PR435;Lares
PR;PR436;Lares
PR;PR452;Lares
PR;PR453;Lares
PR;PR454;Lares
PR;PR470;Lares
PR;PR499;Lares
PR;PR1111;Lares
PR;PR3374;Lares
PR;PR3376;Lares
PR;PR4128;Lares
PR;PR4131;Lares
PR;PR4428;Lares
PR;PR4431;Lares
PR;PR4432;Lares
PR;PR4453;Lares
PR;PR106;Las Marias
PR;PR108;Las Marias
PR;PR119;Las Marias
PR;PR120;Las Marias
PR;PR124;Las Marias
PR;PR370;Las Marias
PR;PR397;Las Marias
PR;PR406;Las Marias
PR;PR407;Las Marias
PR;PR408;Las Marias
PR;PR409;Las Marias
PR;PR426;Las Marias
PR;PR427;Las Marias
PR;PR498;Las Marias
PR;PR3370;Las Marias
PR;PR4406;Las Marias
PR;PR30;Las Piedras
PR;PR31;Las Piedras
PR;PR183;Las Piedras
PR;PR198;Las Piedras
PR;PR204;Las Piedras
PR;PR917;Las Piedras
PR;PR921;Las Piedras
PR;PR922;Las Piedras
PR;PR926;Las Piedras
PR;PR936;Las Piedras
PR;PR937;Las Piedras
PR;PR948;Las Piedras
PR;PR949;Las Piedras
PR;PR9921;Las Piedras
PR;PR9922;Las Piedras
PR;PR9936;Las Piedras
PR;PR9937;Las Piedras
PR;PR9939;Las Piedras
PR;PR9948;Las Piedras
PR;PR187;Loiza
PR;PR188;Loiza
PR;PR951;Loiza
PR;PR964;Loiza
PR;PR965;Loiza
PR;PR3;Luquillo
PR;PR193;Luquillo
PR;PR940;Luquillo
PR;PR984;Luquillo
PR;PR988;Luquillo
PR;PR990;Luquillo
PR;PR991;Luquillo
PR;PR992;Luquillo
PR;PR9983;Luquillo
PR;PR9984;Luquillo
PR;PR9988;Luquillo
PR;PR9989;Luquillo
PR;PR9990;Luquillo
PR;PR9991;Luquillo
PR;PR2;Manati
PR;PR22;Manati
PR;PR149;Manati
PR;PR604;Manati
PR;PR616;Manati
PR;PR641;Manati
PR;PR642;Manati
PR;PR643;Manati
PR;PR648;Manati
PR;PR667;Manati
PR;PR668;Manati
PR;PR669;Manati
PR;PR670;Manati
PR;PR672;Manati
PR;PR685;Manati
PR;PR686;Manati
PR;PR6132;Manati
PR;PR6668;Manati
PR;PR6670;Manati
PR;PR6684;Manati
PR;PR6685;Manati
PR;PR105;Maricao
PR;PR119;Maricao
PR;PR120;Maricao
PR;PR128;Maricao
PR;PR357;Maricao
PR;PR366;Maricao
PR;PR374;Maricao
PR;PR410;Maricao
PR;PR425;Maricao
PR;PR426;Maricao
PR;PR428;Maricao
PR;PR3366;Maricao
PR;PR4409;Maricao
PR;PR3;Maunabo
PR;PR53;Maunabo
PR;PR750;Maunabo
PR;PR758;Maunabo
PR;PR759;Maunabo
PR;PR760;Maunabo
PR;PR901;Maunabo
PR;PR939;Maunabo
PR;PR7760;Maunabo
PR;PR7761;Maunabo
PR;PR7762;Maunabo
PR;PR2;Mayaguez
PR;PR63;Mayaguez
PR;PR64;Mayaguez
PR;PR65;Mayaguez
PR;PR102;Mayaguez
PR;PR104;Mayaguez
PR;PR105;Mayaguez
PR;PR106;Mayaguez
PR;PR108;Mayaguez
PR;PR114;Mayaguez
PR;PR119;Mayaguez
PR;PR339;Mayaguez
PR;PR341;Mayaguez
PR;PR342;Mayaguez
PR;PR345;Mayaguez
PR;PR348;Mayaguez
PR;PR349;Mayaguez
PR;PR351;Mayaguez
PR;PR352;Mayaguez
PR;PR353;Mayaguez
PR;PR354;Mayaguez
PR;PR355;Mayaguez
PR;PR356;Mayaguez
PR;PR3108;Mayaguez
PR;PR3341;Mayaguez
PR;PR3342;Mayaguez
PR;PR3349;Mayaguez
PR;PR3351;Mayaguez
PR;PR3353;Mayaguez
PR;PR110;Moca
PR;PR111;Moca
PR;PR112;Moca
PR;PR125;Moca
PR;PR404;Moca
PR;PR420;Moca
PR;PR421;Moca
PR;PR422;Moca
PR;PR423;Moca
PR;PR434;Moca
PR;PR444;Moca
PR;PR445;Moca
PR;PR464;Moca
PR;PR495;Moca
PR;PR4110;Moca
PR;PR4403;Moca
PR;PR4419;Moca
PR;PR4444;Moca
PR;PR4445;Moca
PR;PR137;Morovis
PR;PR145;Morovis
PR;PR155;Morovis
PR;PR159;Morovis
PR;PR160;Morovis
PR;PR567;Morovis
PR;PR617;Morovis
PR;PR618;Morovis
PR;PR619;Morovis
PR;PR633;Morovis
PR;PR634;Morovis
PR;PR5567;Morovis
PR;PR6616;Morovis
PR;PR6617;Morovis
PR;PR6618;Morovis
PR;PR6619;Morovis
PR;PR6620;Morovis
PR;PR6622;Morovis
PR;PR6623;Morovis
PR;PR6634;Morovis
PR;PR6645;Morovis
PR;PR3;Naguabo
PR;PR31;Naguabo
PR;PR53;Naguabo
PR;PR192;Naguabo
PR;PR205;Naguabo
PR;PR924;Naguabo
PR;PR927;Naguabo
PR;PR950;Naguabo
PR;PR969;Naguabo
PR;PR970;Naguabo
PR;PR971;Naguabo
PR;PR972;Naguabo
PR;PR973;Naguabo
PR;PR9973;Naguabo
PR;PR9974;Naguabo
PR;PR5;Naranjito
PR;PR148;Naranjito
PR;PR152;Naranjito
PR;PR164;Naranjito
PR;PR165;Naranjito
PR;PR167;Naranjito
PR;PR779;Naranjito
PR;PR780;Naranjito
PR;PR803;Naranjito
PR;PR808;Naranjito
PR;PR809;Naranjito
PR;PR810;Naranjito
PR;PR811;Naranjito
PR;PR813;Naranjito
PR;PR814;Naranjito
PR;PR815;Naranjito
PR;PR825;Naranjito
PR;PR826;Naranjito
PR;PR878;Naranjito
PR;PR882;Naranjito
PR;PR884;Naranjito
PR;PR8126;Naranjito
PR;PR8811;Naranjito
PR;PR8826;Naranjito
PR;PR143;Orocovis
PR;PR149;Orocovis
PR;PR155;Orocovis
PR;PR156;Orocovis
PR;PR157;Orocovis
PR;PR564;Orocovis
PR;PR566;Orocovis
PR;PR567;Orocovis
PR;PR568;Orocovis
PR;PR569;Orocovis
PR;PR590;Orocovis
PR;PR593;Orocovis
PR;PR597;Orocovis
PR;PR599;Orocovis
PR;PR720;Orocovis
PR;PR772;Orocovis
PR;PR801;Orocovis
PR;PR5155;Orocovis
PR;PR5156;Orocovis
PR;PR5555;Orocovis
PR;PR6615;Orocovis
PR;PR7720;Orocovis
PR;PR7772;Orocovis
PR;PR3;Patillas
PR;PR53;Patillas
PR;PR181;Patillas
PR;PR184;Patillas
PR;PR754;Patillas
PR;PR755;Patillas
PR;PR757;Patillas
PR;PR758;Patillas
PR;PR759;Patillas
PR;PR762;Patillas
PR;PR799;Patillas
PR;PR7740;Patillas
PR;PR7755;Patillas
PR;PR7756;Patillas
PR;PR7757;Patillas
PR;PR7758;Patillas
PR;PR7759;Patillas
PR;PR2;Pe uelas
PR;PR127;Pe uelas
PR;PR132;Pe uelas
PR;PR337;Pe uelas
PR;PR384;Pe uelas
PR;PR385;Pe uelas
PR;PR386;Pe uelas
PR;PR387;Pe uelas
PR;PR388;Pe uelas
PR;PR390;Pe uelas
PR;PR391;Pe uelas
PR;PR520;Pe uelas
PR;PR3131;Pe uelas
PR;PR3132;Pe uelas
PR;PR3384;Pe uelas
PR;PR3391;Pe uelas
PR;PR1;Ponce
PR;PR2;Ponce
PR;PR9;Ponce
PR;PR10;Ponce
PR;PR12;Ponce
PR;PR14;Ponce
PR;PR52;Ponce
PR;PR123;Ponce
PR;PR132;Ponce
PR;PR133;Ponce
PR;PR139;Ponce
PR;PR143;Ponce
PR;PR163;Ponce
PR;PR500;Ponce
PR;PR501;Ponce
PR;PR502;Ponce
PR;PR503;Ponce
PR;PR504;Ponce
PR;PR505;Ponce
PR;PR506;Ponce
PR;PR510;Ponce
PR;PR511;Ponce
PR;PR515;Ponce
PR;PR516;Ponce
PR;PR520;Ponce
PR;PR549;Ponce
PR;PR578;Ponce
PR;PR581;Ponce
PR;PR585;Ponce
PR;PR591;Ponce
PR;PR5011;Ponce
PR;PR5139;Ponce
PR;PR5501;Ponce
PR;PR5502;Ponce
PR;PR5503;Ponce
PR;PR5506;Ponce
PR;PR5510;Ponce
PR;PR2;Quebradillas
PR;PR113;Quebradillas
PR;PR119;Quebradillas
PR;PR437;Quebradillas
PR;PR453;Quebradillas
PR;PR476;Quebradillas
PR;PR477;Quebradillas
PR;PR478;Quebradillas
PR;PR479;Quebradillas
PR;PR480;Quebradillas
PR;PR481;Quebradillas
PR;PR482;Quebradillas
PR;PR483;Quebradillas
PR;PR484;Quebradillas
PR;PR485;Quebradillas
PR;PR4484;Quebradillas
PR;PR4485;Quebradillas
PR;PR115;Rincon
PR;PR400;Rincon
PR;PR411;Rincon
PR;PR412;Rincon
PR;PR413;Rincon
PR;PR414;Rincon
PR;PR429;Rincon
PR;PR4412;Rincon
PR;PR3;Rio Grande
PR;PR66;Rio Grande
PR;PR186;Rio Grande
PR;PR187;Rio Grande
PR;PR191;Rio Grande
PR;PR907;Rio Grande
PR;PR930;Rio Grande
PR;PR955;Rio Grande
PR;PR956;Rio Grande
PR;PR957;Rio Grande
PR;PR958;Rio Grande
PR;PR959;Rio Grande
PR;PR960;Rio Grande
PR;PR961;Rio Grande
PR;PR962;Rio Grande
PR;PR963;Rio Grande
PR;PR966;Rio Grande
PR;PR967;Rio Grande
PR;PR968;Rio Grande
PR;PR988;Rio Grande
PR;PR9938;Rio Grande
PR;PR9957;Rio Grande
PR;PR9960;Rio Grande
PR;PR9966;Rio Grande
PR;PR2;Sabana Grande
PR;PR102;Sabana Grande
PR;PR117;Sabana Grande
PR;PR120;Sabana Grande
PR;PR121;Sabana Grande
PR;PR328;Sabana Grande
PR;PR332;Sabana Grande
PR;PR363;Sabana Grande
PR;PR364;Sabana Grande
PR;PR365;Sabana Grande
PR;PR366;Sabana Grande
PR;PR367;Sabana Grande
PR;PR368;Sabana Grande
PR;PR369;Sabana Grande
PR;PR3363;Sabana Grande
PR;PR1;Salinas
PR;PR3;Salinas
PR;PR52;Salinas
PR;PR53;Salinas
PR;PR180;Salinas
PR;PR701;Salinas
PR;PR703;Salinas
PR;PR705;Salinas
PR;PR706;Salinas
PR;PR712;Salinas
PR;PR713;Salinas
PR;PR714;Salinas
PR;PR717;Salinas
PR;PR7701;Salinas
PR;PR2;San German
PR;PR101;San German
PR;PR102;San German
PR;PR114;San German
PR;PR118;San German
PR;PR119;San German
PR;PR122;San German
PR;PR166;San German
PR;PR314;San German
PR;PR317;San German
PR;PR318;San German
PR;PR320;San German
PR;PR321;San German
PR;PR329;San German
PR;PR330;San German
PR;PR347;San German
PR;PR348;San German
PR;PR358;San German
PR;PR360;San German
PR;PR361;San German
PR;PR362;San German
PR;PR393;San German
PR;PR396;San German
PR;PR3312;San German
PR;PR3314;San German
PR;PR3330;San German
PR;PR3362;San German
PR;PR3363;San German
PR;PR1;San Juan
PR;PR2;San Juan
PR;PR3;San Juan
PR;PR8;San Juan
PR;PR16;San Juan
PR;PR17;San Juan
PR;PR18;San Juan
PR;PR19;San Juan
PR;PR20;San Juan
PR;PR21;San Juan
PR;PR22;San Juan
PR;PR23;San Juan
PR;PR25;San Juan
PR;PR26;San Juan
PR;PR27;San Juan
PR;PR35;San Juan
PR;PR36;San Juan
PR;PR37;San Juan
PR;PR38;San Juan
PR;PR39;San Juan
PR;PR40;San Juan
PR;PR41;San Juan
PR;PR42;San Juan
PR;PR47;San Juan
PR;PR52;San Juan
PR;PR176;San Juan
PR;PR177;San Juan
PR;PR181;San Juan
PR;PR199;San Juan
PR;PR838;San Juan
PR;PR841;San Juan
PR;PR842;San Juan
PR;PR844;San Juan
PR;PR845;San Juan
PR;PR847;San Juan
PR;PR849;San Juan
PR;PR873;San Juan
PR;PR877;San Juan
PR;PR8176;San Juan
PR;PR8838;San Juan
PR;PR181;San Lorenzo
PR;PR183;San Lorenzo
PR;PR203;San Lorenzo
PR;PR745;San Lorenzo
PR;PR788;San Lorenzo
PR;PR902;San Lorenzo
PR;PR912;San Lorenzo
PR;PR913;San Lorenzo
PR;PR915;San Lorenzo
PR;PR916;San Lorenzo
PR;PR919;San Lorenzo
PR;PR920;San Lorenzo
PR;PR928;San Lorenzo
PR;PR929;San Lorenzo
PR;PR931;San Lorenzo
PR;PR980;San Lorenzo
PR;PR7740;San Lorenzo
PR;PR7788;San Lorenzo
PR;PR9912;San Lorenzo
PR;PR9920;San Lorenzo
PR;PR9929;San Lorenzo
PR;PR9931;San Lorenzo
PR;PR9980;San Lorenzo
PR;PR109;San Sebastian
PR;PR111;San Sebastian
PR;PR119;San Sebastian
PR;PR124;San Sebastian
PR;PR125;San Sebastian
PR;PR423;San Sebastian
PR;PR424;San Sebastian
PR;PR433;San Sebastian
PR;PR435;San Sebastian
PR;PR438;San Sebastian
PR;PR445;San Sebastian
PR;PR446;San Sebastian
PR;PR447;San Sebastian
PR;PR448;San Sebastian
PR;PR449;San Sebastian
PR;PR450;San Sebastian
PR;PR451;San Sebastian
PR;PR455;San Sebastian
PR;PR457;San Sebastian
PR;PR470;San Sebastian
PR;PR497;San Sebastian
PR;PR4111;San Sebastian
PR;PR4125;San Sebastian
PR;PR4423;San Sebastian
PR;PR4435;San Sebastian
PR;PR4446;San Sebastian
PR;PR4451;San Sebastian
PR;PR1;Santa Isabel
PR;PR52;Santa Isabel
PR;PR153;Santa Isabel
PR;PR161;Santa Isabel
PR;PR536;Santa Isabel
PR;PR537;Santa Isabel
PR;PR538;Santa Isabel
PR;PR541;Santa Isabel
PR;PR542;Santa Isabel
PR;PR543;Santa Isabel
PR;PR545;Santa Isabel
PR;PR5507;Santa Isabel
PR;PR5538;Santa Isabel
PR;PR5;Toa Alta
PR;PR142;Toa Alta
PR;PR159;Toa Alta
PR;PR165;Toa Alta
PR;PR167;Toa Alta
PR;PR804;Toa Alta
PR;PR806;Toa Alta
PR;PR819;Toa Alta
PR;PR820;Toa Alta
PR;PR823;Toa Alta
PR;PR824;Toa Alta
PR;PR827;Toa Alta
PR;PR828;Toa Alta
PR;PR829;Toa Alta
PR;PR861;Toa Alta
PR;PR8825;Toa Alta
PR;PR8861;Toa Alta
PR;PR2;Toa Baja
PR;PR22;Toa Baja
PR;PR165;Toa Baja
PR;PR167;Toa Baja
PR;PR819;Toa Baja
PR;PR854;Toa Baja
PR;PR863;Toa Baja
PR;PR865;Toa Baja
PR;PR866;Toa Baja
PR;PR867;Toa Baja
PR;PR870;Toa Baja
PR;PR872;Toa Baja
PR;PR8865;Toa Baja
PR;PR52;Trujilla Alto
PR;PR175;Trujilla Alto
PR;PR176;Trujilla Alto
PR;PR181;Trujilla Alto
PR;PR199;Trujilla Alto
PR;PR843;Trujilla Alto
PR;PR844;Trujilla Alto
PR;PR845;Trujilla Alto
PR;PR846;Trujilla Alto
PR;PR848;Trujilla Alto
PR;PR849;Trujilla Alto
PR;PR850;Trujilla Alto
PR;PR851;Trujilla Alto
PR;PR852;Trujilla Alto
PR;PR858;Trujilla Alto
PR;PR876;Trujilla Alto
PR;PR894;Trujilla Alto
PR;PR941;Trujilla Alto
PR;PR8852;Trujilla Alto
PR;PR8860;Trujilla Alto
PR;PR10;Utuado
PR;PR111;Utuado
PR;PR123;Utuado
PR;PR140;Utuado
PR;PR141;Utuado
PR;PR143;Utuado
PR;PR146;Utuado
PR;PR521;Utuado
PR;PR531;Utuado
PR;PR600;Utuado
PR;PR602;Utuado
PR;PR603;Utuado
PR;PR605;Utuado
PR;PR606;Utuado
PR;PR607;Utuado
PR;PR610;Utuado
PR;PR611;Utuado
PR;PR612;Utuado
PR;PR613;Utuado
PR;PR622;Utuado
PR;PR5523;Utuado
PR;PR6103;Utuado
PR;PR6111;Utuado
PR;PR6121;Utuado
PR;PR6602;Utuado
PR;PR6612;Utuado
PR;PR6613;Utuado
PR;PR2;Vega Alta
PR;PR22;Vega Alta
PR;PR620;Vega Alta
PR;PR630;Vega Alta
PR;PR647;Vega Alta
PR;PR675;Vega Alta
PR;PR676;Vega Alta
PR;PR677;Vega Alta
PR;PR678;Vega Alta
PR;PR679;Vega Alta
PR;PR688;Vega Alta
PR;PR689;Vega Alta
PR;PR690;Vega Alta
PR;PR691;Vega Alta
PR;PR693;Vega Alta
PR;PR694;Vega Alta
PR;PR820;Vega Alta
PR;PR6677;Vega Alta
PR;PR6678;Vega Alta
PR;PR6690;Vega Alta
PR;PR2;Vega Baja
PR;PR22;Vega Baja
PR;PR137;Vega Baja
PR;PR155;Vega Baja
PR;PR160;Vega Baja
PR;PR643;Vega Baja
PR;PR644;Vega Baja
PR;PR645;Vega Baja
PR;PR646;Vega Baja
PR;PR670;Vega Baja
PR;PR671;Vega Baja
PR;PR673;Vega Baja
PR;PR674;Vega Baja
PR;PR675;Vega Baja
PR;PR676;Vega Baja
PR;PR686;Vega Baja
PR;PR687;Vega Baja
PR;PR688;Vega Baja
PR;PR689;Vega Baja
PR;PR692;Vega Baja
PR;PR6671;Vega Baja
PR;PR6686;Vega Baja
PR;PR200;Vieques
PR;PR201;Vieques
PR;PR989;Vieques
PR;PR995;Vieques
PR;PR996;Vieques
PR;PR997;Vieques
PR;PR143;Villalba
PR;PR149;Villalba
PR;PR150;Villalba
PR;PR151;Villalba
PR;PR513;Villalba
PR;PR514;Villalba
PR;PR547;Villalba
PR;PR550;Villalba
PR;PR553;Villalba
PR;PR557;Villalba
PR;PR559;Villalba
PR;PR560;Villalba
PR;PR561;Villalba
PR;PR562;Villalba
PR;PR563;Villalba
PR;PR565;Villalba
PR;PR575;Villalba
PR;PR583;Villalba
PR;PR589;Villalba
PR;PR5149;Villalba
PR;PR5513;Villalba
PR;PR5514;Villalba
PR;PR5519;Villalba
PR;PR5520;Villalba
PR;PR5550;Villalba
PR;PR5553;Villalba
PR;PR5561;Villalba
PR;PR5562;Villalba
PR;PR9918;Yabocoa
PR;PR3;Yabucoa
PR;PR53;Yabucoa
PR;PR181;Yabucoa
PR;PR182;Yabucoa
PR;PR900;Yabucoa
PR;PR901;Yabucoa
PR;PR902;Yabucoa
PR;PR904;Yabucoa
PR;PR905;Yabucoa
PR;PR906;Yabucoa
PR;PR908;Yabucoa
PR;PR918;Yabucoa
PR;PR920;Yabucoa
PR;PR9902;Yabucoa
PR;PR9905;Yabucoa
PR;PR9909;Yabucoa
PR;PR9910;Yabucoa
PR;PR9911;Yabucoa
PR;PR9914;Yabucoa
PR;PR2;Yauco
PR;PR121;Yauco
PR;PR127;Yauco
PR;PR128;Yauco
PR;PR326;Yauco
PR;PR333;Yauco
PR;PR335;Yauco
PR;PR359;Yauco
PR;PR365;Yauco
PR;PR368;Yauco
PR;PR371;Yauco
PR;PR372;Yauco
PR;PR373;Yauco
PR;PR374;Yauco
PR;PR375;Yauco
PR;PR376;Yauco
PR;PR428;Yauco
PR;PR3334;Yauco
PR;PR3365;Yauco
PR;PR3372;Yauco
PR;PR3375;Yauco
