systemName;region;route
usapr;PR;PR1
usapr;PR;PR2
usapr;PR;PR3
usapr;PR;PR5
usapr;PR;PR6
usapr;PR;PR8
usapr;PR;PR9
usapr;PR;PR10
usapr;PR;PR12
usapr;PR;PR14
usapr;PR;PR15
usapr;PR;PR16
usapr;PR;PR17
usapr;PR;PR18
usapr;PR;PR19
usapr;PR;PR20
usapr;PR;PR21
usapr;PR;PR22
usapr;PR;PR23
usapr;PR;PR24
usapr;PR;PR25
usapr;PR;PR26
usapr;PR;PR27
usapr;PR;PR28
usapr;PR;PR29
usapr;PR;PR30
usapr;PR;PR31
usapr;PR;PR32
usapr;PR;PR33
usapr;PR;PR34
usapr;PR;PR35
usapr;PR;PR36
usapr;PR;PR37
usapr;PR;PR38
usapr;PR;PR39
usapr;PR;PR40
usapr;PR;PR41
usapr;PR;PR42
usapr;PR;PR47
usapr;PR;PR52
usapr;PR;PR53
usapr;PR;PR54
usapr;PR;PR60
usapr;PR;PR63
usapr;PR;PR64
usapr;PR;PR65
usapr;PR;PR66
usapr;PR;PR100
usapr;PR;PR101
usapr;PR;PR102
usapr;PR;PR103
usapr;PR;PR104
usapr;PR;PR105
usapr;PR;PR106
usapr;PR;PR107
usapr;PR;PR108
usapr;PR;PR109
usapr;PR;PR110
usapr;PR;PR111
usapr;PR;PR112
usapr;PR;PR113
usapr;PR;PR114
usapr;PR;PR115
usapr;PR;PR116
usapr;PR;PR117
usapr;PR;PR118
usapr;PR;PR119
usapr;PR;PR120
usapr;PR;PR121
usapr;PR;PR122
usapr;PR;PR123
usapr;PR;PR124
usapr;PR;PR125
usapr;PR;PR127
usapr;PR;PR128
usapr;PR;PR129
usapr;PR;PR130
usapr;PR;PR131
usapr;PR;PR132
usapr;PR;PR133
usapr;PR;PR134
usapr;PR;PR135
usapr;PR;PR136
usapr;PR;PR137
usapr;PR;PR138
usapr;PR;PR139
usapr;PR;PR140
usapr;PR;PR141
usapr;PR;PR142
usapr;PR;PR143
usapr;PR;PR144
usapr;PR;PR145
usapr;PR;PR146
usapr;PR;PR148
usapr;PR;PR149
usapr;PR;PR150
usapr;PR;PR151
usapr;PR;PR152
usapr;PR;PR153
usapr;PR;PR154
usapr;PR;PR155
usapr;PR;PR156
usapr;PR;PR157
usapr;PR;PR159
usapr;PR;PR160
usapr;PR;PR161
usapr;PR;PR162
usapr;PR;PR163
usapr;PR;PR164
usapr;PR;PR165
usapr;PR;PR166
usapr;PR;PR167
usapr;PR;PR168
usapr;PR;PR169
usapr;PR;PR170
usapr;PR;PR171
usapr;PR;PR172
usapr;PR;PR173
usapr;PR;PR174
usapr;PR;PR175
usapr;PR;PR176
usapr;PR;PR177
usapr;PR;PR178
usapr;PR;PR179
usapr;PR;PR180
usapr;PR;PR181
usapr;PR;PR182
usapr;PR;PR183
usapr;PR;PR184
usapr;PR;PR185
usapr;PR;PR186
usapr;PR;PR187
usapr;PR;PR188
usapr;PR;PR189
usapr;PR;PR190
usapr;PR;PR191
usapr;PR;PR192
usapr;PR;PR193
usapr;PR;PR194
usapr;PR;PR195
usapr;PR;PR196
usapr;PR;PR198
usapr;PR;PR199
usapr;PR;PR200
usapr;PR;PR201
usapr;PR;PR203
usapr;PR;PR204
usapr;PR;PR205
usapr;PR;PR206
usapr;PR;PR212
usapr;PR;PR238
usapr;PR;PR250
usapr;PR;PR251
usapr;PR;PR300
usapr;PR;PR301
usapr;PR;PR303
usapr;PR;PR304
usapr;PR;PR305
usapr;PR;PR306
usapr;PR;PR307
usapr;PR;PR308
usapr;PR;PR309
usapr;PR;PR310
usapr;PR;PR311
usapr;PR;PR312
usapr;PR;PR313
usapr;PR;PR314
usapr;PR;PR315
usapr;PR;PR316
usapr;PR;PR317
usapr;PR;PR318
usapr;PR;PR319
usapr;PR;PR320
usapr;PR;PR321
usapr;PR;PR322
usapr;PR;PR323
usapr;PR;PR324
usapr;PR;PR325
usapr;PR;PR326
usapr;PR;PR327
usapr;PR;PR328
usapr;PR;PR329
usapr;PR;PR330
usapr;PR;PR331
usapr;PR;PR332
usapr;PR;PR333
usapr;PR;PR334
usapr;PR;PR335
usapr;PR;PR336
usapr;PR;PR337
usapr;PR;PR338
usapr;PR;PR339
usapr;PR;PR341
usapr;PR;PR342
usapr;PR;PR343
usapr;PR;PR344
usapr;PR;PR345
usapr;PR;PR346
usapr;PR;PR347
usapr;PR;PR348
usapr;PR;PR349
usapr;PR;PR351
usapr;PR;PR352
usapr;PR;PR353
usapr;PR;PR354
usapr;PR;PR355
usapr;PR;PR356
usapr;PR;PR357
usapr;PR;PR358
usapr;PR;PR359
usapr;PR;PR360
usapr;PR;PR361
usapr;PR;PR362
usapr;PR;PR363
usapr;PR;PR364
usapr;PR;PR365
usapr;PR;PR366
usapr;PR;PR367
usapr;PR;PR368
usapr;PR;PR369
usapr;PR;PR370
usapr;PR;PR371
usapr;PR;PR372
usapr;PR;PR373
usapr;PR;PR374
usapr;PR;PR375
usapr;PR;PR376
usapr;PR;PR377
usapr;PR;PR378
usapr;PR;PR379
usapr;PR;PR381
usapr;PR;PR382
usapr;PR;PR383
usapr;PR;PR384
usapr;PR;PR385
usapr;PR;PR386
usapr;PR;PR387
usapr;PR;PR388
usapr;PR;PR389
usapr;PR;PR390
usapr;PR;PR391
usapr;PR;PR392
usapr;PR;PR393
usapr;PR;PR394
usapr;PR;PR396
usapr;PR;PR397
usapr;PR;PR398
usapr;PR;PR399
usapr;PR;PR400
usapr;PR;PR401
usapr;PR;PR402
usapr;PR;PR403
usapr;PR;PR404
usapr;PR;PR405
usapr;PR;PR406
usapr;PR;PR407
usapr;PR;PR408
usapr;PR;PR409
usapr;PR;PR410
usapr;PR;PR411
usapr;PR;PR412
usapr;PR;PR413
usapr;PR;PR414
usapr;PR;PR415
usapr;PR;PR416
usapr;PR;PR417
usapr;PR;PR418
usapr;PR;PR419
usapr;PR;PR420
usapr;PR;PR421
usapr;PR;PR422
usapr;PR;PR423
usapr;PR;PR424
usapr;PR;PR425
usapr;PR;PR426
usapr;PR;PR427
usapr;PR;PR428
usapr;PR;PR429
usapr;PR;PR430
usapr;PR;PR431
usapr;PR;PR432
usapr;PR;PR433
usapr;PR;PR434
usapr;PR;PR435
usapr;PR;PR436
usapr;PR;PR437
usapr;PR;PR438
usapr;PR;PR439
usapr;PR;PR440
usapr;PR;PR441
usapr;PR;PR442
usapr;PR;PR443
usapr;PR;PR444
usapr;PR;PR445
usapr;PR;PR446
usapr;PR;PR447
usapr;PR;PR448
usapr;PR;PR449
usapr;PR;PR450
usapr;PR;PR451
usapr;PR;PR452
usapr;PR;PR453
usapr;PR;PR454
usapr;PR;PR455
usapr;PR;PR456
usapr;PR;PR457
usapr;PR;PR458
usapr;PR;PR459
usapr;PR;PR460
usapr;PR;PR461
usapr;PR;PR462
usapr;PR;PR463
usapr;PR;PR464
usapr;PR;PR465
usapr;PR;PR466
usapr;PR;PR467
usapr;PR;PR468
usapr;PR;PR469
usapr;PR;PR470
usapr;PR;PR471
usapr;PR;PR472
usapr;PR;PR473
usapr;PR;PR474
usapr;PR;PR475
usapr;PR;PR476
usapr;PR;PR477
usapr;PR;PR478
usapr;PR;PR479
usapr;PR;PR480
usapr;PR;PR481
usapr;PR;PR482
usapr;PR;PR483
usapr;PR;PR484
usapr;PR;PR485
usapr;PR;PR486
usapr;PR;PR487
usapr;PR;PR488
usapr;PR;PR489
usapr;PR;PR490
usapr;PR;PR491
usapr;PR;PR492
usapr;PR;PR493
usapr;PR;PR494
usapr;PR;PR495
usapr;PR;PR496
usapr;PR;PR497
usapr;PR;PR498
usapr;PR;PR499
usapr;PR;PR500
usapr;PR;PR501
usapr;PR;PR502
usapr;PR;PR503
usapr;PR;PR504
usapr;PR;PR505
usapr;PR;PR506
usapr;PR;PR508
usapr;PR;PR509
usapr;PR;PR510
usapr;PR;PR511
usapr;PR;PR512
usapr;PR;PR513
usapr;PR;PR514
usapr;PR;PR515
usapr;PR;PR516
usapr;PR;PR517
usapr;PR;PR518
usapr;PR;PR519
usapr;PR;PR520
usapr;PR;PR521
usapr;PR;PR522
usapr;PR;PR523
usapr;PR;PR524
usapr;PR;PR525
usapr;PR;PR526
usapr;PR;PR527
usapr;PR;PR528
usapr;PR;PR529
usapr;PR;PR530
usapr;PR;PR531
usapr;PR;PR532
usapr;PR;PR533
usapr;PR;PR535
usapr;PR;PR536
usapr;PR;PR537
usapr;PR;PR538
usapr;PR;PR539
usapr;PR;PR540
usapr;PR;PR541
usapr;PR;PR542
usapr;PR;PR543
usapr;PR;PR545
usapr;PR;PR546
usapr;PR;PR547
usapr;PR;PR548
usapr;PR;PR549
usapr;PR;PR550
usapr;PR;PR551
usapr;PR;PR552
usapr;PR;PR553
usapr;PR;PR555
usapr;PR;PR556
usapr;PR;PR557
usapr;PR;PR558
usapr;PR;PR559
usapr;PR;PR560
usapr;PR;PR561
usapr;PR;PR562
usapr;PR;PR563
usapr;PR;PR564
usapr;PR;PR565
usapr;PR;PR566
usapr;PR;PR567
usapr;PR;PR568
usapr;PR;PR569
usapr;PR;PR570
usapr;PR;PR571
usapr;PR;PR572
usapr;PR;PR573
usapr;PR;PR574
usapr;PR;PR575
usapr;PR;PR576
usapr;PR;PR577
usapr;PR;PR578
usapr;PR;PR580
usapr;PR;PR581
usapr;PR;PR583
usapr;PR;PR584
usapr;PR;PR585
usapr;PR;PR586
usapr;PR;PR589
usapr;PR;PR590
usapr;PR;PR591
usapr;PR;PR592
usapr;PR;PR593
usapr;PR;PR595
usapr;PR;PR596
usapr;PR;PR597
usapr;PR;PR599
usapr;PR;PR600
usapr;PR;PR602
usapr;PR;PR603
usapr;PR;PR604
usapr;PR;PR605
usapr;PR;PR606
usapr;PR;PR607
usapr;PR;PR608
usapr;PR;PR610
usapr;PR;PR611
usapr;PR;PR612
usapr;PR;PR613
usapr;PR;PR614
usapr;PR;PR615
usapr;PR;PR616
usapr;PR;PR617
usapr;PR;PR618
usapr;PR;PR619
usapr;PR;PR620
usapr;PR;PR621
usapr;PR;PR622
usapr;PR;PR623
usapr;PR;PR625
usapr;PR;PR626
usapr;PR;PR627
usapr;PR;PR628
usapr;PR;PR629
usapr;PR;PR630
usapr;PR;PR631
usapr;PR;PR632
usapr;PR;PR633
usapr;PR;PR634
usapr;PR;PR635
usapr;PR;PR636
usapr;PR;PR637
usapr;PR;PR638
usapr;PR;PR639
usapr;PR;PR641
usapr;PR;PR642
usapr;PR;PR643
usapr;PR;PR644
usapr;PR;PR645
usapr;PR;PR646
usapr;PR;PR647
usapr;PR;PR648
usapr;PR;PR649
usapr;PR;PR650
usapr;PR;PR651
usapr;PR;PR652
usapr;PR;PR653
usapr;PR;PR655
usapr;PR;PR656
usapr;PR;PR657
usapr;PR;PR658
usapr;PR;PR659
usapr;PR;PR660
usapr;PR;PR662
usapr;PR;PR663
usapr;PR;PR664
usapr;PR;PR665
usapr;PR;PR666
usapr;PR;PR667
usapr;PR;PR668
usapr;PR;PR669
usapr;PR;PR670
usapr;PR;PR671
usapr;PR;PR672
usapr;PR;PR673
usapr;PR;PR674
usapr;PR;PR675
usapr;PR;PR676
usapr;PR;PR677
usapr;PR;PR678
usapr;PR;PR679
usapr;PR;PR680
usapr;PR;PR681
usapr;PR;PR682
usapr;PR;PR683
usapr;PR;PR684
usapr;PR;PR685
usapr;PR;PR686
usapr;PR;PR687
usapr;PR;PR688
usapr;PR;PR689
usapr;PR;PR690
usapr;PR;PR691
usapr;PR;PR692
usapr;PR;PR693
usapr;PR;PR694
usapr;PR;PR695
usapr;PR;PR696
usapr;PR;PR697
usapr;PR;PR698
usapr;PR;PR699
usapr;PR;PR701
usapr;PR;PR702
usapr;PR;PR703
usapr;PR;PR704
usapr;PR;PR705
usapr;PR;PR706
usapr;PR;PR707
usapr;PR;PR708
usapr;PR;PR709
usapr;PR;PR710
usapr;PR;PR712
usapr;PR;PR713
usapr;PR;PR714
usapr;PR;PR715
usapr;PR;PR716
usapr;PR;PR717
usapr;PR;PR718
usapr;PR;PR719
usapr;PR;PR720
usapr;PR;PR721
usapr;PR;PR722
usapr;PR;PR723
usapr;PR;PR724
usapr;PR;PR725
usapr;PR;PR726
usapr;PR;PR727
usapr;PR;PR728
usapr;PR;PR729
usapr;PR;PR730
usapr;PR;PR731
usapr;PR;PR733
usapr;PR;PR734
usapr;PR;PR735
usapr;PR;PR738
usapr;PR;PR739
usapr;PR;PR740
usapr;PR;PR741
usapr;PR;PR742
usapr;PR;PR743
usapr;PR;PR744
usapr;PR;PR745
usapr;PR;PR746
usapr;PR;PR747
usapr;PR;PR748
usapr;PR;PR749
usapr;PR;PR750
usapr;PR;PR751
usapr;PR;PR752
usapr;PR;PR753
usapr;PR;PR754
usapr;PR;PR755
usapr;PR;PR757
usapr;PR;PR758
usapr;PR;PR759
usapr;PR;PR760
usapr;PR;PR761
usapr;PR;PR762
usapr;PR;PR763
usapr;PR;PR764
usapr;PR;PR765
usapr;PR;PR768
usapr;PR;PR769
usapr;PR;PR770
usapr;PR;PR771
usapr;PR;PR772
usapr;PR;PR773
usapr;PR;PR774
usapr;PR;PR775
usapr;PR;PR776
usapr;PR;PR777
usapr;PR;PR778
usapr;PR;PR779
usapr;PR;PR780
usapr;PR;PR781
usapr;PR;PR782
usapr;PR;PR783
usapr;PR;PR784
usapr;PR;PR785
usapr;PR;PR786
usapr;PR;PR787
usapr;PR;PR788
usapr;PR;PR789
usapr;PR;PR790
usapr;PR;PR791
usapr;PR;PR792
usapr;PR;PR793
usapr;PR;PR794
usapr;PR;PR795
usapr;PR;PR796
usapr;PR;PR797
usapr;PR;PR798
usapr;PR;PR799
usapr;PR;PR800
usapr;PR;PR801
usapr;PR;PR802
usapr;PR;PR803
usapr;PR;PR804
usapr;PR;PR805
usapr;PR;PR806
usapr;PR;PR807
usapr;PR;PR808
usapr;PR;PR809
usapr;PR;PR810
usapr;PR;PR811
usapr;PR;PR812
usapr;PR;PR813
usapr;PR;PR814
usapr;PR;PR815
usapr;PR;PR816
usapr;PR;PR818
usapr;PR;PR819
usapr;PR;PR820
usapr;PR;PR821
usapr;PR;PR823
usapr;PR;PR824
usapr;PR;PR825
usapr;PR;PR826
usapr;PR;PR827
usapr;PR;PR828
usapr;PR;PR829
usapr;PR;PR830
usapr;PR;PR831
usapr;PR;PR832
usapr;PR;PR833
usapr;PR;PR834
usapr;PR;PR835
usapr;PR;PR836
usapr;PR;PR837
usapr;PR;PR838
usapr;PR;PR839
usapr;PR;PR840
usapr;PR;PR841
usapr;PR;PR842
usapr;PR;PR843
usapr;PR;PR844
usapr;PR;PR845
usapr;PR;PR846
usapr;PR;PR847
usapr;PR;PR848
usapr;PR;PR849
usapr;PR;PR850
usapr;PR;PR851
usapr;PR;PR852
usapr;PR;PR853
usapr;PR;PR854
usapr;PR;PR855
usapr;PR;PR856
usapr;PR;PR857
usapr;PR;PR858
usapr;PR;PR859
usapr;PR;PR860
usapr;PR;PR861
usapr;PR;PR862
usapr;PR;PR863
usapr;PR;PR864
usapr;PR;PR865
usapr;PR;PR866
usapr;PR;PR867
usapr;PR;PR869
usapr;PR;PR870
usapr;PR;PR871
usapr;PR;PR872
usapr;PR;PR873
usapr;PR;PR874
usapr;PR;PR876
usapr;PR;PR877
usapr;PR;PR878
usapr;PR;PR879
usapr;PR;PR880
usapr;PR;PR882
usapr;PR;PR884
usapr;PR;PR887
usapr;PR;PR888
usapr;PR;PR889
usapr;PR;PR890
usapr;PR;PR891
usapr;PR;PR894
usapr;PR;PR900
usapr;PR;PR901
usapr;PR;PR902
usapr;PR;PR904
usapr;PR;PR905
usapr;PR;PR906
usapr;PR;PR907
usapr;PR;PR908
usapr;PR;PR909
usapr;PR;PR910
usapr;PR;PR912
usapr;PR;PR913
usapr;PR;PR914
usapr;PR;PR915
usapr;PR;PR916
usapr;PR;PR917
usapr;PR;PR918
usapr;PR;PR919
usapr;PR;PR920
usapr;PR;PR921
usapr;PR;PR922
usapr;PR;PR923
usapr;PR;PR924
usapr;PR;PR925
usapr;PR;PR926
usapr;PR;PR927
usapr;PR;PR928
usapr;PR;PR929
usapr;PR;PR930
usapr;PR;PR931
usapr;PR;PR932
usapr;PR;PR933
usapr;PR;PR934
usapr;PR;PR935
usapr;PR;PR936
usapr;PR;PR937
usapr;PR;PR938
usapr;PR;PR939
usapr;PR;PR940
usapr;PR;PR941
usapr;PR;PR942
usapr;PR;PR943
usapr;PR;PR944
usapr;PR;PR945
usapr;PR;PR946
usapr;PR;PR947
usapr;PR;PR948
usapr;PR;PR949
usapr;PR;PR950
usapr;PR;PR951
usapr;PR;PR952
usapr;PR;PR953
usapr;PR;PR954
usapr;PR;PR955
usapr;PR;PR956
usapr;PR;PR957
usapr;PR;PR958
usapr;PR;PR959
usapr;PR;PR960
usapr;PR;PR961
usapr;PR;PR962
usapr;PR;PR963
usapr;PR;PR964
usapr;PR;PR965
usapr;PR;PR966
usapr;PR;PR967
usapr;PR;PR968
usapr;PR;PR969
usapr;PR;PR970
usapr;PR;PR971
usapr;PR;PR972
usapr;PR;PR973
usapr;PR;PR974
usapr;PR;PR975
usapr;PR;PR976
usapr;PR;PR977
usapr;PR;PR978
usapr;PR;PR979
usapr;PR;PR980
usapr;PR;PR981
usapr;PR;PR982
usapr;PR;PR983
usapr;PR;PR984
usapr;PR;PR985
usapr;PR;PR986
usapr;PR;PR987
usapr;PR;PR988
usapr;PR;PR989
usapr;PR;PR990
usapr;PR;PR991
usapr;PR;PR992
usapr;PR;PR995
usapr;PR;PR996
usapr;PR;PR997
usapr;PR;PR1107
usapr;PR;PR1111
usapr;PR;PR3101
usapr;PR;PR3108
usapr;PR;PR3116
usapr;PR;PR3131
usapr;PR;PR3132
usapr;PR;PR3301
usapr;PR;PR3306
usapr;PR;PR3311
usapr;PR;PR3312
usapr;PR;PR3314
usapr;PR;PR3330
usapr;PR;PR3332
usapr;PR;PR3334
usapr;PR;PR3336
usapr;PR;PR3341
usapr;PR;PR3342
usapr;PR;PR3344
usapr;PR;PR3345
usapr;PR;PR3349
usapr;PR;PR3351
usapr;PR;PR3353
usapr;PR;PR3362
usapr;PR;PR3363
usapr;PR;PR3365
usapr;PR;PR3366
usapr;PR;PR3370
usapr;PR;PR3372
usapr;PR;PR3374
usapr;PR;PR3375
usapr;PR;PR3376
usapr;PR;PR3378
usapr;PR;PR3382
usapr;PR;PR3384
usapr;PR;PR3391
usapr;PR;PR4010
usapr;PR;PR4020
usapr;PR;PR4076
usapr;PR;PR4109
usapr;PR;PR4110
usapr;PR;PR4111
usapr;PR;PR4116
usapr;PR;PR4119
usapr;PR;PR4125
usapr;PR;PR4128
usapr;PR;PR4131
usapr;PR;PR4401
usapr;PR;PR4402
usapr;PR;PR4403
usapr;PR;PR4404
usapr;PR;PR4405
usapr;PR;PR4406
usapr;PR;PR4409
usapr;PR;PR4411
usapr;PR;PR4412
usapr;PR;PR4415
usapr;PR;PR4416
usapr;PR;PR4417
usapr;PR;PR4418
usapr;PR;PR4419
usapr;PR;PR4420
usapr;PR;PR4421
usapr;PR;PR4423
usapr;PR;PR4428
usapr;PR;PR4430
usapr;PR;PR4431
usapr;PR;PR4432
usapr;PR;PR4435
usapr;PR;PR4439
usapr;PR;PR4440
usapr;PR;PR4441
usapr;PR;PR4442
usapr;PR;PR4443
usapr;PR;PR4444
usapr;PR;PR4445
usapr;PR;PR4446
usapr;PR;PR4451
usapr;PR;PR4453
usapr;PR;PR4457
usapr;PR;PR4458
usapr;PR;PR4466
usapr;PR;PR4467
usapr;PR;PR4472
usapr;PR;PR4474
usapr;PR;PR4475
usapr;PR;PR4476
usapr;PR;PR4484
usapr;PR;PR4485
usapr;PR;PR4486
usapr;PR;PR4488
usapr;PR;PR4489
usapr;PR;PR4490
usapr;PR;PR4491
usapr;PR;PR4494
usapr;PR;PR5011
usapr;PR;PR5139
usapr;PR;PR5141
usapr;PR;PR5144
usapr;PR;PR5149
usapr;PR;PR5150
usapr;PR;PR5155
usapr;PR;PR5156
usapr;PR;PR5501
usapr;PR;PR5502
usapr;PR;PR5503
usapr;PR;PR5506
usapr;PR;PR5507
usapr;PR;PR5509
usapr;PR;PR5510
usapr;PR;PR5511
usapr;PR;PR5512
usapr;PR;PR5513
usapr;PR;PR5514
usapr;PR;PR5516
usapr;PR;PR5518
usapr;PR;PR5519
usapr;PR;PR5520
usapr;PR;PR5521
usapr;PR;PR5523
usapr;PR;PR5525
usapr;PR;PR5527
usapr;PR;PR5538
usapr;PR;PR5550
usapr;PR;PR5552
usapr;PR;PR5553
usapr;PR;PR5555
usapr;PR;PR5556
usapr;PR;PR5557
usapr;PR;PR5558
usapr;PR;PR5559
usapr;PR;PR5561
usapr;PR;PR5562
usapr;PR;PR5567
usapr;PR;PR5568
usapr;PR;PR6103
usapr;PR;PR6106
usapr;PR;PR6109
usapr;PR;PR6111
usapr;PR;PR6121
usapr;PR;PR6132
usapr;PR;PR6140
usapr;PR;PR6165
usapr;PR;PR6602
usapr;PR;PR6603
usapr;PR;PR6609
usapr;PR;PR6612
usapr;PR;PR6613
usapr;PR;PR6614
usapr;PR;PR6615
usapr;PR;PR6616
usapr;PR;PR6617
usapr;PR;PR6618
usapr;PR;PR6619
usapr;PR;PR6620
usapr;PR;PR6621
usapr;PR;PR6622
usapr;PR;PR6623
usapr;PR;PR6626
usapr;PR;PR6632
usapr;PR;PR6633
usapr;PR;PR6634
usapr;PR;PR6642
usapr;PR;PR6645
usapr;PR;PR6659
usapr;PR;PR6668
usapr;PR;PR6670
usapr;PR;PR6671
usapr;PR;PR6677
usapr;PR;PR6678
usapr;PR;PR6681
usapr;PR;PR6684
usapr;PR;PR6685
usapr;PR;PR6686
usapr;PR;PR6690
usapr;PR;PR6693
usapr;PR;PR7025
usapr;PR;PR7042
usapr;PR;PR7051
usapr;PR;PR7062
usapr;PR;PR7090
usapr;PR;PR7156
usapr;PR;PR7167
usapr;PR;PR7173
usapr;PR;PR7174
usapr;PR;PR7184
usapr;PR;PR7701
usapr;PR;PR7707
usapr;PR;PR7710
usapr;PR;PR7711
usapr;PR;PR7712
usapr;PR;PR7715
usapr;PR;PR7718
usapr;PR;PR7719
usapr;PR;PR7720
usapr;PR;PR7722
usapr;PR;PR7727
usapr;PR;PR7729
usapr;PR;PR7730
usapr;PR;PR7731
usapr;PR;PR7733
usapr;PR;PR7736
usapr;PR;PR7737
usapr;PR;PR7738
usapr;PR;PR7740
usapr;PR;PR7741
usapr;PR;PR7748
usapr;PR;PR7752
usapr;PR;PR7753
usapr;PR;PR7754
usapr;PR;PR7755
usapr;PR;PR7756
usapr;PR;PR7757
usapr;PR;PR7758
usapr;PR;PR7759
usapr;PR;PR7760
usapr;PR;PR7761
usapr;PR;PR7762
usapr;PR;PR7765
usapr;PR;PR7769
usapr;PR;PR7772
usapr;PR;PR7773
usapr;PR;PR7774
usapr;PR;PR7775
usapr;PR;PR7776
usapr;PR;PR7778
usapr;PR;PR7780
usapr;PR;PR7782
usapr;PR;PR7783
usapr;PR;PR7784
usapr;PR;PR7786
usapr;PR;PR7787
usapr;PR;PR7788
usapr;PR;PR7790
usapr;PR;PR8126
usapr;PR;PR8169
usapr;PR;PR8176
usapr;PR;PR8177
usapr;PR;PR8811
usapr;PR;PR8825
usapr;PR;PR8826
usapr;PR;PR8829
usapr;PR;PR8834
usapr;PR;PR8838
usapr;PR;PR8852
usapr;PR;PR8855
usapr;PR;PR8856
usapr;PR;PR8860
usapr;PR;PR8861
usapr;PR;PR8865
usapr;PR;PR8869
usapr;PR;PR8874
usapr;PR;PR8887
usapr;PR;PR9030
usapr;PR;PR9045
usapr;PR;PR9185
usapr;PR;PR9189
usapr;PR;PR9902
usapr;PR;PR9905
usapr;PR;PR9909
usapr;PR;PR9910
usapr;PR;PR9911
usapr;PR;PR9912
usapr;PR;PR9913
usapr;PR;PR9914
usapr;PR;PR9918
usapr;PR;PR9919
usapr;PR;PR9920
usapr;PR;PR9921
usapr;PR;PR9922
usapr;PR;PR9923
usapr;PR;PR9929
usapr;PR;PR9931
usapr;PR;PR9933
usapr;PR;PR9934
usapr;PR;PR9935
usapr;PR;PR9936
usapr;PR;PR9937
usapr;PR;PR9938
usapr;PR;PR9939
usapr;PR;PR9942
usapr;PR;PR9944
usapr;PR;PR9945
usapr;PR;PR9948
usapr;PR;PR9957
usapr;PR;PR9958
usapr;PR;PR9959
usapr;PR;PR9960
usapr;PR;PR9966
usapr;PR;PR9973
usapr;PR;PR9974
usapr;PR;PR9980
usapr;PR;PR9983
usapr;PR;PR9984
usapr;PR;PR9987
usapr;PR;PR9988
usapr;PR;PR9989
usapr;PR;PR9990
usapr;PR;PR9991

